{ "indexes" : [ { "v" : 1, "key" : { "_id" : 1 }, "name" : "_id_", "ns" : "vanilla_analytics.AutomationStates" }, { "v" : 1, "key" : { "StateId" : 1 }, "name" : "StateId_1", "ns" : "vanilla_analytics.AutomationStates", "sparse" : true, "background" : true }, { "v" : 1, "key" : { "Timestamp" : 1, "_id" : 1 }, "name" : "Timestamp_1__id_1", "ns" : "vanilla_analytics.AutomationStates", "sparse" : true, "background" : true }, { "v" : 1, "key" : { "Wakeup" : 1 }, "name" : "Wakeup_1", "ns" : "vanilla_analytics.AutomationStates", "sparse" : true, "background" : true } ] }