{ "indexes" : [ { "v" : 1, "key" : { "_id" : 1 }, "name" : "_id_", "ns" : "vanilla_analytics.Interactions" }, { "v" : 1, "key" : { "StartDateTime" : 1 }, "name" : "StartDateTime_1", "ns" : "vanilla_analytics.Interactions", "background" : true }, { "v" : 1, "key" : { "SaveDateTime" : 1, "ContactId" : 1, "_id" : 1 }, "name" : "SaveDateTime_1_ContactId_1__id_1", "ns" : "vanilla_analytics.Interactions", "background" : true }, { "v" : 1, "key" : { "ContactId" : 1, "ContactVisitIndex" : 1 }, "name" : "ContactId_1_ContactVisitIndex_1", "ns" : "vanilla_analytics.Interactions", "background" : true } ] }